Company,ARIN Handle,CIDR
MailGun,MT-757,141.193.32.0/23
MailGun,MT-757,143.55.224.0/20
MailGun,MT-757,159.112.240.0/20
MailGun,MT-757,159.135.224.0/20
MailGun,MT-757,161.38.192.0/20
MailGun,MT-757,198.244.48.0/20
MailGun,MT-757,204.220.160.0/20
MailGun,MT-757,216.71.96.0/22
MailGun,MT-757,69.72.32.0/20
Rocket Science Group,INTUI-77,148.105.0.0/16
Rocket Science Group,INTUI-77,198.2.128.0/18
Rocket Science Group,INTUI-77,199.26.164.0/24
Rocket Science Group,INTUI-77,199.33.145.0/24
Rocket Science Group,INTUI-77,205.201.128.0/20
SendGrid,SENDG-12,149.72.0.0/16
SendGrid,SENDG-12,167.89.0.0/17
SendGrid,SENDG-12,168.245.0.0/17
SendGrid,SENDG-12,192.254.112.0/20
SendGrid,SENDG-12,198.21.0.0/21
SendGrid,SENDG-12,198.37.144.0/20
SendGrid,SENDG-12,223.165.113.0/24
SendGrid,SENDG-12,223.165.115.0/24
SendGrid,SENDG-12,223.165.118.0/24
SendGrid,SENDG-12,223.165.119.0/24
SendGrid,SENDG-12,223.165.120.0/24
SendGrid,SENDG-12,223.165.121.0/24
